Id,Movie
0,National Lampoon's Animal House
1,Malcolm X
2,Starman
3,Go
4,Chicago
5,House on Haunted Hill
6,Basic
7,Rent
8,Equilibrium
9,Nashville
10,Manhattan
11,Salvador
12,Cloak & Dagger
13,The War of the Worlds
14,Mortal Kombat
15,Nixon
16,Blue Streak
17,Exiled: A Law & Order Movie
18,The House of the Spirits
19,Hamlet
20,The Stepford Wives
21,Jagged Edge
22,The Big Chill
23,Air Force One
24,Der Fuehrer's Face
25,Mickey's Christmas Carol
26,Donald's Cousin Gus
27,Revenge of the Nerds IV: Nerds in Love
28,Revenge of the Nerds III: The Next Generation
29,Booty Call
30,A Kid in King Arthur's Court
31,Everyman's Feast
32,Bonjour tristesse
33,Constantine
34,Nobody's Fool
35,JFK
36,Heavy
37,Identity
38,She's Having a Baby
39,Who's Harry Crumb?
40,The Jazz Singer
41,Ben-Hur
42,Destination Moon
43,Double Indemnity
44,Harry Potter and the Order of the Phoenix
45,Harry Potter and the Prisoner of Azkaban
46,Harry Potter and the Half-Blood Prince
47,Harry Potter and the Chamber of Secrets
48,Harry Potter and the Philosopher's Stone
49,Harry Potter and the Goblet of Fire
50,Lifeforce
51,Othello
52,Faces
53,X2
54,Kate & Leopold
55,X-Men
56,Swordfish
57,Someone Like You
58,The Wizard
59,Don's Plum
60,Seabiscuit
61,Spider-Man
62,Three Comrades
63,Quo Vadis
64,Anjali
65,Run
66,Shiva
67,The Patriot
68,Zenon: Girl of the 21st Century
69,10
70,Bedazzled
71,Micki + Maude
72,Arthur
73,Contempt
74,Batman
75,The Professionals
76,Little Women
77,Spider
78,Stella
79,Topkapi
80,Dead Men Don't Wear Plaid
81,Queen Bee
82,Possessed
83,Grand Hotel
84,She's All That
85,Delgo
86,Scooby-Doo 2: Monsters Unleashed
87,Scooby-Doo
88,Wing Commander
89,There's Something About Mary
90,Medusa: Dare to Be Truthful
91,Cabin Boy
92,Groundhog Day
93,Monkey Business
94,Room Service
95,Saps at Sea
96,A Night at the Opera
97,A Day at the Races
98,Animal Crackers
99,Alice in Wonderland
100,Mr. Nanny
101,The Big House
102,Mr. & Mrs. Smith
103,Max
104,Uprising
105,Deep Impact
106,Spanish Fly
107,Birth
108,Silver City
109,L'Auberge espagnole
110,Around the World in 80 Days
111,Midway
112,You've Got Mail
113,Domino
114,The Cotton Club
115,Continental Divide
116,Kronos
117,Jetsons: The Movie
118,Underworld
119,Thunderbirds
120,Fat Albert
121,25th Hour
122,The Little Mermaid
123,The Little Mermaid II: Return to the Sea
124,Lady and the Tramp II: Scamp's Adventure
125,Witness
126,North
127,UHF
128,Jack
129,Ragtime
130,Santa's Slay
131,The Good Earth
132,The Great Waltz
133,Anaconda
134,XXX
135,Heat
136,Desperado
137,Anchorman: The Legend of Ron Burgundy
138,Ewoks: The Battle for Endor
139,Men in Black
140,How to Kill Your Neighbor's Dog
141,The Mask
142,Apollo 13
143,Sleepers
144,My Dog Skip
145,Balto
146,Starting Over
147,Diner
148,Mystic River
149,Friday the 13th
150,Tremors
151,Criminal Law
152,Paper Moon
153,Chinatown
154,Dodge City
155,Edge of Darkness
156,Hero
157,Cyclo
158,Happy Together
159,2046
160,Exodus
161,Battle of Britain
162,Richard III
163,O Lucky Man!
164,"Greystoke - The Legend of Tarzan, Lord of the Apes"
165,Popeye
166,Rad
167,Dreamscape
168,Forever Young
169,Mr. Nice Guy
170,Mighty Morphin' Power Rangers: The Movie
171,Little Nicky
172,Predator
173,Marnie
174,The Birds
175,Daylight
176,Exorcist II: The Heretic
177,Brainstorm
178,Audition
179,Brother
180,That Darn Cat!
181,Madagascar
182,Apt Pupil
183,Wolf
184,Rapunzel
185,Twilight Zone: The Movie
186,Event Horizon
187,The Doors
188,Airport '77
189,Monster's Ball
190,The Hitchhiker's Guide to the Galaxy
191,Carmen: A Hip Hopera
192,Sister Act 2: Back in the Habit
193,Rat Race
194,Red Dragon
195,8mm
196,Elf
197,Friday
198,Made
199,Posse
200,Iris
201,Notting Hill
202,Splash
203,Gettysburg
204,The Star
205,Suddenly
206,1900
207,Dr. Strangelove or: How I Learned to Stop Worrying and Love the Bomb
208,Chaplin
209,The Lion King II: Simba's Pride
210,Twin Peaks: Fire Walk With Me
211,The Talented Mr. Ripley
212,Hulk
213,The Village
214,Bring It On
215,Miracle
216,Lean on Me
217,Jerky Boys: The Movie
218,Cuckoo
219,Bram Stoker's Dracula
220,Strategic Air Command
221,Earthquake
222,Magnolia
223,The 'Burbs
224,Tom and Jerry: The Movie
225,Gremlins 2: The New Batch
226,King Kong
227,Ned Kelly
228,Rabbits
229,Flirting
230,Mulholland Drive
231,Born in East L.A.
232,Cheech & Chong's Next Movie
233,Cheech & Chong's Up in Smoke
234,Cars
235,After Hours
236,Oliver & Company
237,Father of the Bride
238,Home Alone 2: Lost in New York
239,Willow
240,Scandal
241,Young Dr. Kildare
242,State Fair
243,Halloween
244,Halloween III: Season of the Witch
245,Assault on Precinct 13
246,John Carpenter's The Fog
247,Cocktail
248,Guinevere
249,Prey for Rock & Roll
250,Face/Off
251,Bound
252,The Insider
253,The Lord of the Rings: The Two Towers
254,The Lord of the Rings: The Return of the King
255,Titanic
256,But I'm a Cheerleader
257,Cecil B. Demented
258,Polyester
259,Cat's Eye
260,Casino
261,"Legally Blonde 2: Red, White & Blonde"
262,Down to Earth
263,Lemony Snicket's A Series of Unfortunate Events
264,Robots
265,The Broken Hearts Club: A Romantic Comedy
266,Greed
267,Out Cold
268,Dazed and Confused
269,"To Wong Foo, Thanks for Everything! Julie Newmar"
270,Eraser
271,Soul Food
272,Shaft
273,The Jacksons: An American Dream
274,Tales from the Crypt
275,Island in the Sun
276,"South Park: Bigger, Longer & Uncut"
277,Casper
278,The Rutles
279,An Alan Smithee Film: Burn Hollywood Burn
280,King of the Hill
281,Dirty Work
282,X
283,Kelly's Heroes
284,Bus Stop
285,Of Mice and Men
286,Picnic
287,The Night of the Hunter
288,Airplane!
289,Mission: Impossible
290,Watership Down
291,The Lord of the Rings
292,Ferris Bueller's Day Off
293,Ballistic: Ecks vs. Sever
294,Mortal Kombat: Annihilation
295,Star Wars Episode I: The Phantom Menace
296,
297,Aftershock: Earthquake in New York
298,Mimic
299,Rudy
300,Mary Poppins
301,Max Keeble's Big Move
302,Chairman of the Board
303,The Princess Diaries
304,Soldier
305,Wes Craven's New Nightmare
306,Spawn
307,Friendly Persuasion
308,Sirens
309,Cursed
310,Three Kings
311,Adaptation
312,Cobb
313,Barcelona
314,Romy and Michele's High School Reunion
315,The Final Cut
316,Arsenic and Old Lace
317,The Bishop's Wife
318,Barbershop 2: Back in Business
319,Barbershop
320,M
321,Abe Lincoln in Illinois
322,Willy Wonka & the Chocolate Factory
323,The Poseidon Adventure
324,The Fox and the Hound
325,Fantastic Four
326,Honey
327,Sin City
328,Volcano
329,Ocean's Twelve
330,Traffic
331,The Misfits
332,MASH
333,Pollock
334,Dogma
335,Bulletproof
336,Spanglish
337,Big Daddy
338,Anger Management
339,Signs
340,The Princess Diaries 2: Royal Engagement
341,Speak
342,Dead End
343,The Kid
344,Rouge
345,Once a Thief
346,"All's Well, Ends Well"
347,Double Tap
348,"He's a Woman, She's a Man"
349,"All's Well, Ends Well Too"
350,Salome
351,Alexander
352,Master and Commander: The Far Side of the World
353,The Crow
354,Sylvia
355,Hook
356,Mrs. Parker and the Vicious Circle
357,Austin Powers: Goldmember
358,Hard Eight
359,Possession
360,Whiteout
361,Ring
362,Laputa: Castle in the Sky
363,Final Fantasy: The Spirits Within
364,Kiki's Delivery Service
365,Tucker: The Man and His Dream
366,Dune
367,The Rainmaker
368,Batman Beyond: Return of the Joker
369,Anchors Aweigh
370,Show Boat
371,Home Fries
372,The Shining
373,Roxanne
374,Fathers' Day
375,"Paris, Texas"
376,Savior
377,Cat People
378,High Voltage
379,Dragon: The Bruce Lee Story
380,Whatever Happened to Harold Smith?
381,Cold Mountain
382,Hercules
383,Robin Hood
384,Scrooge
385,The Avengers
386,The Battle of the River Plate
387,Resident Evil: Apocalypse
388,Eragon
389,Mujhse Dosti Karoge!
390,"Swing Out, Sister"
391,Topper
392,The Wizard of Oz
393,Lifeboat
394,Wake Island
395,Beauty and the Beast
396,Beauty and the Beast: The Enchanted Christmas
397,Man of the House
398,Heaven & Earth
399,The Hunted
400,Double Jeopardy
401,Coal Miner's Daughter
402,Rules of Engagement
403,Jude
404,The Mission
405,Benny & Joon
406,Blink
407,Michael Collins
408,Avalon
409,Rebirth of Fusion!! Goku and Vegeta!!
410,"Burn Up!! A Close, Intense, Super-Fierce Battle"
411,Dead Zone
412,"Clash!! 10,000,000,000 Powerful Warriors"
413,"A Lonesome, Final Battle: The Father of Z-Warrior Son Goku, who Challenged Freeza"
414,Day for Night
415,Jesus of Nazareth
416,Zulu
417,Tobruk
418,Come and Get It
419,How the West Was Won
420,Red River
421,Kentucky
422,Rio Bravo
423,Fury
424,The Island
425,The Lord of the Rings: The Fellowship of the Ring
426,Troy
427,Don't Say a Word
428,Ronin
429,Caravaggio
430,National Treasure
431,Win a Date with Tad Hamilton!
432,The Rules of Attraction
433,Beyond the Sea
434,Baby Boy
435,Starsky & Hutch
436,The Wash
437,Brigham Young
438,Vanishing Point
439,Twelve O'Clock High
440,Love Letters
441,"The Beast from 20,000 Fathoms"
442,Guess Who's Coming to Dinner
443,The Song of Bernadette
444,Love Is a Many-Splendored Thing
445,Gone to Earth
446,Beat the Devil
447,Scarface
448,Juarez
449,Macbeth
450,Aliens
451,Caravan of Courage: An Ewok Adventure
452,The Emperor's New Groove
453,The American President
454,Miller's Crossing
455,Collateral Damage
456,State of Grace
457,Rounders
458,"O Brother, Where Art Thou?"
459,Fearless
460,The Elephant Man
461,I Know Where I'm Going!
462,Commando
463,Mad Max 2: The Road Warrior
464,Weird Science
465,Les Miserables
466,Sinkin' in the Bathtub
467,That's Entertainment III
468,Love's Labour's Lost
469,Batman & Robin
470,Exorcist: The Beginning
471,Reign of Fire
472,Escaflowne
473,Pokamon: Legend Comes to Life
474,Intimacy
475,Small Faces
476,Scream
477,The Chronicles of Riddick: Dark Fury
478,Robin Hood: Prince of Thieves
479,A Bug's Life
480,Vampire Hunter D: Bloodlust
481,SLC Punk!
482,Star Trek IV: The Voyage Home
483,Star Trek II: The Wrath of Khan
484,Star Trek VI: The Undiscovered Country
485,Star Trek III: The Search for Spock
486,Star Trek V: The Final Frontier
487,Star Trek: The Motion Picture
488,Are We There Yet
489,Swept Away
490,Chopper
491,Morgan Stewart's Coming Home
492,Jackass: The Movie
493,CKY
494,Aladdin
495,Mickey's Twice Upon a Christmas
496,Babe
497,DuckTales the Movie: Treasure of the Lost Lamp
498,The Lawnmower Man
499,Enemy of the State
500,The Green Mile
501,61*
502,3: The Dale Earnhardt Story
503,Hans Christian Andersen
504,Strangers on a Train
505,Rope
506,Manhunter
507,Heaven Can Wait
508,Laura
509,Star Trek: Generations
510,Star Trek: Insurrection
511,Star Trek: First Contact
512,Star Trek Nemesis
513,Prizzi's Honor
514,Tales from the Crypt presents: Demon Knight
515,AVP: Alien vs. Predator
516,Charlie's Angels: Full Throttle
517,The Saint
518,Chicken Little
519,The Princess Bride
520,Pete's Dragon
521,S.O.B.
522,Lolita
523,Winchester '73
524,Diamonds
525,The Diary of Anne Frank
526,"Captain Newman, M.D."
527,The Last Tycoon
528,Spartacus
529,O
530,Dawn of the Dead
531,Peeping Tom
532,Impromptu
533,Silver Streak
534,Superman
535,Skippy
536,Superman IV: The Quest For Peace
537,Closer
538,I heart Huckabees
539,Wilde
540,Alfie
541,Bent
542,A.I.
543,All the King's Men
544,Harold & Kumar Go to White Castle
545,Evolution
546,Mackenna's Gold
547,Akira
548,Point Blank
549,The Last Unicorn
550,Glen or Glenda?
551,Dracula
552,The Lost World: Jurassic Park
553,Man on Fire
554,Darkness
555,Fever Pitch
556,Casino Royale
557,Once Upon a Crime...
558,Hannibal
559,Sleepover
560,Nowhere
561,Asoka
562,Khabi Khushi Kabhi Gham
563,Chameli
564,Conspiracy Theory
565,What About Bob?
566,Free Willy 2: The Adventure Home
567,The Portrait of a Lady
568,Saved!
569,Mandingo
570,"Dirty Mary, Crazy Larry"
571,Boris and Natasha
572,Jimmy Neutron: Boy Genius
573,Flower & Garnet
574,Blade: Trinity
575,Lilo & Stitch
576,The Jungle Book
577,Deterrence
578,French Kiss
579,Kinsey
580,Boys Don't Cry
581,The Gift
582,John Carter of Mars
583,Spy Kids 2: Island Of Lost Dreams
584,The Dukes of Hazzard
585,Garden State
586,Hearts of Darkness: A Filmmakers's Apocalypse
587,Swiss Family Robinson
588,The Pure Hell of St Trinian's
589,Excalibur
590,Edward II
591,National Lampoon's Christmas Vacation
592,Wild at Heart
593,Alice Doesn't Live Here Anymore
594,Monument Ave.
595,Atlantic City
596,"Come Back, Little Sheba"
597,Gunfight at the O.K. Corral
598,The Osterman Weekend
599,Ulzana's Raid
600,Vera Cruz
601,His Majesty O'Keefe
602,Airport
603,"Sorry, Wrong Number"
604,The Devil's Disciple
605,The Skulls
606,Timeline
607,The Fast and the Furious
608,An American Tail: Fievel Goes West
609,Matilda
610,Â¡Three Amigos!
611,Mr. Destiny
612,The Brave Little Toaster
613,Happiness
614,Cats & Dogs
615,Enigma
616,Quintet
617,Lenny
618,Stripes
619,Heavy Metal
620,1941
621,Armed and Dangerous
622,Suspicion
623,Bulldog Drummond's Secret Police
624,Spellbound
625,K-19: The Widowmaker
626,Revenge of the Nerds II: Nerds in Paradise
627,That Was Then... This Is Now
628,Orange County
629,Cabin Fever
630,Detroit Rock City
631,"The 5,000 Fingers of Dr. T"
632,Peter Pan
633,Only When I Laugh
634,Porky's
635,Witchfinder General
636,Pulp Fiction
637,Swing Kids
638,Key Largo
639,The Ten Commandments
640,Phantom of the Opera
641,Viva Villa!
642,Alien Nation
643,Cobra
644,The Order
645,Candy
646,Affliction
647,Maverick
648,Face to Face
649,Wild Strawberries
650,Crossroads
651,Endless Love
652,Twister
653,The Man Who Wasn't There
654,Cabaret
655,"New York, New York"
656,That's Dancing!
657,Cul-de-Sac
658,Nothing Lasts Forever
659,Vacation
660,Riding the Bullet
661,The Serpent's Egg
662,Downfall
663,Spartan
664,Top Gun
665,The Real McCoy
666,Top Secret!
667,Tombstone
668,Red Planet
669,Mangal Pandey: The Rising
670,East is East
671,The Preacher's Wife
672,The Brothers
673,The Temptations
674,My Boyfriend's Back
675,The Emperor's Club
676,Longshot
677,Pay It Forward
678,The Count of Monte Cristo
679,Frequency
680,The Thin Red Line
681,The Rock
682,Collateral
683,Live from Baghdad
684,King Arthur
685,Lara Croft Tomb Raider: The Cradle of Life
686,History Is Made at Night
687,Three Colors: Red
688,Anastasia
689,Dr. Dolittle 2
690,What's Eating Gilbert Grape
691,Jabberwocky
692,Morgan: A Suitable Case for Treatment
693,Doctor Dolittle
694,Oliver Twist
695,Where the Heart Is
696,"Come Back to the Five and Dime, Jimmy Dean, Jimmy Dean"
697,Mermaids
698,Mask
699,By Dawn's Early Light
700,El Norte
701,Bad News Bears
702,St. Elmo's Fire
703,Mo' Better Blues
704,Crimson Tide
705,Alive
706,Catwoman
707,Pii±ero
708,Demolition Man
709,Robin Hood: Men in Tights
710,Cocoon: The Return
711,Cocoon
712,Vampires
713,Rugrats Go Wild!
714,The Flintstones
715,Stagecoach
716,Wilson
717,The Hurricane
718,Stigmata
719,Pirates of the Caribbean: Dead Man's Chest
720,Barbarians at the Gate
721,Pirates of the Caribbean: The Curse of the Black Pearl
722,Brazil
723,What a Girl Wants
724,Ghost
725,About Last Night
726,Striptease
727,The Hunchback of Notre Dame
728,Ali
729,Rappin'
730,BAADASSSSS!
731,Somewhere in Time
732,My Best Friend's Wedding
733,The Librarian
734,Victim
735,Private's Progress
736,I'm All Right Jack
737,Oh... Rosalinda!!
738,Madame X
739,Peyton Place
740,Revenge
741,Ice Age
742,Moulin Rouge!
743,Carlito's Way
744,Romeo + Juliet
745,Super Mario Bros.
746,Short Circuit
747,The Rose
748,Music Box
749,Bill & Ted's Bogus Journey
750,Jersey Girl
751,Bill & Ted's Excellent Adventure
752,Car Wash
753,"Goodbye, Mr. Chips"
754,A Christmas Carol
755,The Messenger: The Story of Joan of Arc
756,Making Mr. Right
757,The Killing Fields
758,Ratatouille
759,Caligula
760,Lawrence of Arabia
761,Murphy's War
762,What's New Pussycat?
763,Elizabeth: The Golden Age
764,The Replacements
765,Vanity Fair
766,Human Nature
767,Austin Powers:The Spy Who Shagged Me
768,Les Diaboliques
769,Ship of Fools
770,Sniper
771,Caveman
772,The Alamo
773,F/X
774,Marvin's Room
775,The Godfather Part III
776,Sleeper
777,Something's Gotta Give
778,Xanadu
779,That's Entertainment!
780,China O'Brien
781,Garfield
782,Sneakers
783,K-9
784,Thief
785,Porky's Duck Hunt
786,Pigs Is Pigs
787,I Haven't Got a Hat
788,"It's a Mad, Mad, Mad, Mad World"
789,Intermission
790,Trainspotting
791,Elizabeth
792,Gothic
793,The Keep
794,Point of No Return
795,P.S.
796,Into the West
797,Ghost Ship
798,Dungeons & Dragons
799,The Phantom of the Opera
800,Sense and Sensibility
801,Dante's Peak
802,The Longest Day
803,Ocean's Eleven
804,Ginger Snaps 2: Unleashed
805,National Lampoon's Last Resort
806,Heaven's Gate
807,Strange Days
808,Contact
809,What's the Worst That Could Happen?
810,Pearl Harbor
811,Armageddon
812,"What's Up, Doc?"
813,The Producers
814,Fargo
815,Major League
816,Heist
817,Fail-Safe
818,Willard
819,Charlie's Angels
820,Vision Quest
821,Gross Anatomy
822,Batman: Mask of the Phantasm
823,Star Wars Episode IV: A New Hope
824,Robotech: The Shadow Chronicles
825,Star Wars Episode V: The Empire Strikes Back
826,Star Wars Episode VI: Return of the Jedi
827,Shanghai Express
828,The Thief of Bagdad
829,Piccadilly
830,Eulogy
831,The X Files
832,Dirty Rotten Scoundrels
833,Dick Tracy
834,Mr. Holland's Opus
835,"Heaven Knows, Mr. Allison"
836,"Edward, My Son"
837,Hitch
838,Kiss of Death
839,"Now, Voyager"
840,House Party
841,Book of Shadows: Blair Witch 2
842,Boys Town
843,My Family
844,E.T. the Extra-Terrestrial
845,Voodoo Academy
846,Darling
847,Night Watch
848,The Manchurian Candidate
849,Celine et Julie vont En Bateau
850,Grease
851,The People vs. Larry Flynt
852,Pokamon: Lucario and the Mystery of Mew
853,Pokamon: Destiny Deoxys
854,Pokamon: Jirachi Wishmaker
855,Henry V
856,Mona Lisa
857,McLintock!
858,Donovan's Reef
859,The Green Berets
860,El Dorado
861,In Harm's Way
862,Rio Grande
863,The Searchers
864,Waterloo
865,The Cruel Sea
866,The Firm
867,Julia
868,Cats Don't Dance
869,Wall Street
870,Tales from the Darkside: The Movie
871,Peter's Friends
872,Crush
873,Unfaithful
874,"Ladies and Gentlemen, The Fabulous Stains"
875,Under the Tuscan Sun
876,Terminator 2: Judgment Day
877,Bottle Rocket
878,In the Time of the Butterflies
879,Police Academy
880,Police Academy 2: Their First Assignment
881,Dodgeball: A True Underdog Story
882,The Craft
883,Party Girl
884,The Contender
885,Minority Report
886,The Fly
887,Independence Day
888,Jurassic Park
889,Daredevil
890,Planet of the Apes
891,Doctor Who
892,Antitrust
893,Lady Caroline Lamb
894,Kingdom of Heaven
895,Atlantis: Milo's Return
896,Sink the Bismarck!
897,The Farmer's Daughter
898,Pinky
899,Blackadder: Back & Forth
900,Lost Horizon
901,Project X
902,Top Hat
903,Dirty Pretty Things
904,Mr. Saturday Night
905,Jacob's Ladder
906,Romeo and Juliet
907,Final Fantasy VII: Advent Children
908,Bad Boys
909,Addicted to Love
910,Aces High
911,Rugrats in Paris: The Movie
912,In & Out
913,Fallen
914,Backdraft
915,Panic
916,Outbreak
917,Buffy the Vampire Slayer
918,Don't Look Now
919,Six Degrees of Separation
920,Cross Creek
921,Percy
922,The Boys from Brazil
923,King Rat
924,Gone in Sixty Seconds
925,Rock Star
926,Fahrenheit 9/11
927,Fahrenheit 9/11Â½
928,Roger & Me
929,The Big One
930,Bad Girls
931,Point Break
932,Singles
933,Under Siege 2: Dark Territory
934,Ararat
935,Problem Child
936,King David
937,It
938,Tadpole
939,The Dreamer of Oz: The L. Frank Baum Story
940,King of Kings
941,The Singing Detective
942,Rush Hour
943,Taxi
944,Sphere
945,The Muppets' Wizard of Oz
946,Knife in the Water
947,Radio Flyer
948,Philadelphia
949,That Thing You Do!
950,Full Frontal
951,Hot Shots! Part Deux
952,Blank Check
953,Sabrina
954,Dumb & Dumber
955,The Fiendish Plot of Dr. Fu Manchu
956,Nirvana
957,Boiler Room
958,Heaven
959,Lost in Translation
960,House of Wax
961,Jaws
962,1984
963,Perfect Strangers
964,Pillow Talk
965,Cape Fear
966,Uranus
967,Delicatessen
968,The Funeral
969,Beethoven's 2nd
970,Flesh & Blood
971,Wizards
972,My Blue Heaven
973,Die Hard: With a Vengeance
974,Clue
975,What's Love Got to Do with It
976,Fame
977,Heavy Weights
978,Amy Stiller's Breast
979,Labyrinth
980,All the Queen's Men
981,Gandhi
982,Lost in Space
983,Quadrophenia
984,Atlantis: The Lost Empire
985,Homeward Bound: The Incredible Journey
986,Bongwater
987,Black and White
988,What the #$*! Do We Know!?
989,"From Time to Time/""De Temps en Temps"""
990,Topaz
991,Divine Intervention
992,The Philadelphia Experiment
993,Genevieve
994,Walker
995,Sweet Dreams
996,Agent Cody Banks 2: Destination London
997,Snake Eyes
998,The League of Gentlemen
999,Rushmore
1000,For Love of the Game
1001,The Bourne Identity
1002,The Bourne Supremacy
1003,Rob Roy
1004,Oh! What a Lovely War
1005,The Secret Garden
1006,The Dam Busters
1007,Stage Fright
1008,Fanboys
1009,Obsession
1010,2010: The Year We Make Contact
1011,Manhattan Project
1012,Cliffhanger
1013,Imagining Argentina
1014,Junior
1015,Howards End
1016,Sahara
1017,Cellular
1018,Behind Enemy Lines
1019,Sabretooth
1020,Love and Kisses
1021,Mission: Impossible II
1022,Lake Placid
1023,Schindler's List
1024,The Hole
1025,Stand by Me
1026,Joan of Arc
1027,Lagaan: Once Upon a Time in India
1028,Munna Bhai M.B.B.S.
1029,Contraband
1030,Casablanca
1031,Hackers
1032,Presumed Innocent
1033,Speed
1034,The Lion King 1Â½
1035,The Taking of Pelham One Two Three
1036,Weekend at Bernie's II
1037,Weekend at Bernie's
1038,Child's Play 2
1039,Pretty Baby
1040,Dilwale Dulhaniy Le Jayenge
1041,Thursday
1042,Anna
1043,Persona
1044,Scenes from a Marriage
1045,When a Man Loves a Woman
1046,10.5
1047,The Haunting
1048,Limelight
1049,Shall We Dance?
1050,Cheaper by the Dozen
1051,"Me, Myself & Irene"
1052,Don't Tell Mom the Babysitter's Dead
1053,Out of the Blue
1054,Ticker
1055,Easy Rider
1056,The Trip
1057,Dinosaur
1058,Ray
1059,Breakfast at Tiffany's
1060,Zhou Yu's Train
1061,America's Sweethearts
1062,Can't Hardly Wait
1063,Python
1064,Panic Room
1065,F.I.S.T
1066,The French Connection
1067,Runaway Train
1068,The Crow: Salvation
1069,Hustle
1070,Paparazzi
1071,First Daughter
1072,Amerika
1073,Madhouse
1074,Starship Troopers
1075,"One, Two, Three"
1076,Bob & Carol & Ted & Alice
1077,Shogun
1078,Arachnophobia
1079,Naked Lunch
1080,Reign: The Conqueror
1081,Muriel's Wedding
1082,"The Adventures of Priscilla, Queen of the Desert"
1083,Gallipoli
1084,The Hand That Rocks the Cradle
1085,Holy Smoke!
1086,Batman: Mystery of the Batwoman
1087,Conspiracy
1088,Doom
1089,Levity
1090,Normal
1091,Titus
1092,Country
1093,Seventh Heaven
1094,Sunrise
1095,Modern Times
1096,Tillie's Punctured Romance
1097,The Circus
1098,Wimbledon
1099,Women in Love
1100,Elektra
1101,Committed
1102,Murphy's Romance
1103,Boys' Night Out
1104,Grand Prix
1105,Twilight
1106,Blue Desert
1107,Rollerball
1108,Dead Ringers
1109,Monsignor
1110,The Adventures of Pinocchio
1111,Ace Ventura: When Nature Calls
1112,Kill Bill
1113,The Truth About Cats & Dogs
1114,Tape
1115,Taking Lives
1116,S.W.A.T.
1117,Pinocchio
1118,Serenity
1119,Amistad
1120,The Others
1121,Slap Shot
1122,True Stories
1123,Oliver's Story
1124,Henry: Portrait Of A Serial Killer
1125,The Gambler
1126,54
1127,Layer Cake
1128,Babes in Toyland
1129,The Incredible Mr. Limpet
1130,Beethoven
1131,P.S. Your Cat Is Dead
1132,2001: A Space Odyssey
1133,The Caine Mutiny
1134,Shaft's Big Score
1135,Superfly
1136,Snatch
1137,The Good Son
1138,Alien: Resurrection
1139,Diva
1140,The Devils
1141,Madigan's Millions
1142,...And Justice for All
1143,The Devil's Advocate
1144,Exotica
1145,Godzilla
1146,Always
1147,Erin Brockovich
1148,Species
1149,Rapid Fire
1150,Samson and Delilah
1151,Original Sin
1152,The Club
1153,Breaker Morant
1154,Somersault
1155,The Draughtsman's Contract
1156,L'Appartement
1157,Irreversible
1158,Lancelot du Lac
1159,Psycho
1160,Shadows
1161,The Set-Up
1162,The Informer
1163,Visitors
1164,Above the Law
1165,Star Wars Episode III: Revenge of the Sith
1166,Star Wars Episode II: Attack of the Clones
1167,Sleepy Hollow
1168,Meatballs
1169,The Hindenburg
1170,Sugar & Spice
1171,American Beauty
1172,Anne of Green Gables
1173,Leon
1174,The Protector
1175,City Hall
1176,The Crow: City of Angels
1177,Get Over It
1178,Meteor
1179,I Confess
1180,Patton
1181,And God Created Woman
1182,Ed Wood
1183,Three Coins in the Fountain
1184,The Swan
1185,My Best Friend's Birthday
1186,The Stepfather
1187,Primal Fear
1188,Around the World in Eighty Days
1189,Dr. Jekyll and Mr. Hyde
1190,...tick...tick...tick...
1191,Smilin' Through
1192,Mary of Scotland
1193,"Mary, Queen of Scots"
1194,Metropolis
1195,The Return of the King
1196,Body and Soul
1197,Sleuth
1198,Deathtrap
1199,Summertime
1200,Mr. Baseball
1201,The Last of the Mohicans
1202,Wicker Park
1203,Dragonfly
1204,Stray Dog
1205,Rashomon
1206,Hakuchi
1207,Congo
1208,Robotix
1209,Big Momma's House
1210,The Sea Hawk
1211,The Adventures of Robin Hood
1212,The Transformers: The Movie
1213,To Be or Not to Be
1214,Groove
1215,I'll Never Forget What's 'Isname
1216,"I, Robot"
1217,The Score
1218,Anarchists
1219,Taegukgi
1220,Dave
1221,A Sound of Thunder
1222,Running on Empty
1223,Love Field
1224,Tequila Sunrise
1225,Sinbad: Legend of the Seven Seas
1226,Hart's War
1227,Speakeasy
1228,Beethoven's 3rd
1229,Beethoven's 4th
1230,Bully
1231,Kids
1232,Glory
1233,Good Boy!
1234,Election
1235,My Girl
1236,John Carpenter's The Thing
1237,The Letter
1238,Alexander's Ragtime Band
1239,Intolerance
1240,It's a Gift
1241,Young Mr. Lincoln
1242,Stitch! The Movie
1243,The Stranger
1244,Alphaville
1245,Look at Me
1246,Magic
1247,Pocahontas
1248,The Net
1249,Hey Arnold!: The Movie
1250,The Black Cauldron
1251,Firefox
1252,Phone Booth
1253,Fluke
1254,Summer School
1255,Lucas
1256,The Baby-Sitters Club
1257,Ring 0: Birthday
1258,Love & Pop
1259,Teacher's Pet
1260,Love Me or Leave Me
1261,Calamity Jane
1262,Look Who's Talking Too
1263,"Murder, Inc."
1264,The Party
1265,Marie Antoinette
1266,The Luck of the Irish
1267,The Mark of Zorro
1268,Becky Sharp
1269,Ghost Dog: The Way of the Samurai
1270,Babette's Feast
1271,Head of State
1272,Twentieth Century
1273,Foxy Brown
1274,I'm Gonna Git You Sucka
1275,Jubilee
1276,"Martha, Meet Frank, Daniel and Laurence"
1277,A Knight's Tale
1278,"A Cool, Dry Place"
1279,Curdled
1280,Outland
1281,Entrapment
1282,Darby O'Gill and the Little People
1283,A Soldier's Story
1284,Inchon
1285,Mannequin
1286,Thunderbolt
1287,Indochine
1288,Teaching Mrs. Tingle
1289,Fear
1290,Blade
1291,I'll Cry Tomorrow
1292,East of Eden
1293,Something Wild
1294,The Devil's Own
1295,Amadeus
1296,Snow White and the Seven Dwarfs
1297,Sweet Home Alabama
1298,Blow
1299,Second Skin
1300,Freeway
1301,Hair
1302,Grand Illusion
1303,Sunset Boulevard
1304,Black Sheep
1305,Yojimbo
1306,Wayne's World 2
1307,Homeboy
1308,New Rose Hotel
1309,The Dead Zone
1310,Hell's Hinges
1311,Ben Hur
1312,Toys
1313,The Pledge
1314,Tora! Tora! Tora!
1315,Network
1316,Road House
1317,War of the Worlds
1318,Legend
1319,This Island Earth
1320,To Catch a Thief
1321,My Foolish Heart
1322,What Dreams May Come
1323,The Exorcist
1324,Hedda
1325,Hopscotch
1326,Homerun
1327,C.H.U.D.
1328,Das Testament des Dr. Mabuse
1329,Speed 2: Cruise Control
1330,Judgment Night
1331,Old School
1332,John Carpenter's Escape from L.A.
1333,Ulee's Gold
1334,Alex & Emma
1335,Dog Park
1336,Street Fighter
1337,The Delinquents
1338,Jezebel
1339,The Nanny
1340,Dangerous
1341,"Personal History, Adventures, Experience, and Observation of David Copperfield the Younger"
1342,The Thin Man
1343,Veronica Guerin
1344,Wings
1345,Merlin
1346,Cousins
1347,Immortal Beloved
1348,The Grave
1349,The Fall of the Roman Empire
1350,Jason and the Argonauts
1351,El Cid
1352,Looney Tunes: Back in Action
1353,Angus
1354,Hardcore
1355,PT 109
1356,Bright Eyes
1357,Doug's 1st Movie
1358,Charlie and the Chocolate Factory
1359,Performance
1360,Fantasia
1361,Boogeyman
1362,Batman & Mr. Freeze: SubZero
1363,Glitter
1364,Hostage
1365,"The Russians Are Coming, the Russians Are Coming"
1366,Hooper
1367,The Thing
1368,"I, the Jury"
1369,Invasion U.S.A.
1370,Fight Club
1371,Dreams
1372,Round Midnight
1373,Sullivan's Travels
1374,So Proudly We Hail!
1375,1969
1376,Promised Land
1377,The Vanishing
1378,True Colors
1379,"sex, lies and videotape"
1380,Stargate
1381,Secretary
1382,Underworld: Evolution
1383,Little Dorrit
1384,The Way of All Flesh
1385,The Last Command
1386,Faust
1387,Dr. Phibes Rises Again
1388,PCU
1389,The Guru
1390,Don't Move
1391,Mostly Martha
1392,Saw
1393,Bloodsport
1394,Phenomenon
1395,Platoon
1396,Alone in the Dark
1397,Broken Arrow
1398,Austin Powers: International Man of Mystery
1399,Pump Up the Volume
1400,Churchill: The Hollywood Years
1401,The War of the Roses
1402,Sybil
1403,"Dude, Where's My Car?"
1404,Double Vision
1405,Head
1406,Roustabout
1407,The Black Stallion
1408,Dick
1409,Ghost World
1410,Dance with a Stranger
1411,The Haunted Mansion
1412,Will Success Spoil Rock Hunter?
1413,Testament
1414,Josie and the Pussycats
1415,"Hitler, Beast of Berlin"
1416,The Gospel of John
1417,Restoration
1418,Battle Cry
1419,"They Shoot Horses, Don't They?"
1420,Romero
1421,Category 6: Day of Destruction
1422,Midnight Express
1423,Rambo: First Blood Part II
1424,Bananas
1425,Bocaccio '70
1426,At the End of the Day: The Sue Rodriguez Story
1427,The Big Bounce
1428,Castaway
1429,Tommy
1430,The Beast
1431,No Way Out
1432,Holiday Inn
1433,Von Ryan's Express
1434,Ryan's Daughter
1435,The Edge
1436,The War at Home
1437,Badlands
1438,Them!
1439,Children of Dune
1440,White Noise
1441,Ransom
1442,The One
1443,The Golden Compass
1444,The Mummy
1445,Ryan
1446,Babylon 5: The Gathering
1447,It's a Wonderful Life
1448,Madame Curie
1449,Giant
1450,"Summer Wishes, Winter Dreams"
1451,Mr. & Mrs. Bridge
1452,The Raven
1453,Shock
1454,Andrei Rublev
1455,Solaris
1456,Stalker
1457,Heroism
1458,Dogfight
1459,Kolberg
1460,Brigham City
1461,Flipper
1462,Battleground
1463,Buffalo '66
1464,"Welcome Home, Roxy Carmichael"
1465,Cheaters
1466,Shampoo
1467,McCabe & Mrs. Miller
1468,Ishtar
1469,Bonnie and Clyde
1470,Hot Shots!
1471,"Honey, I Blew Up the Kid"
1472,Everything You Always Wanted to Know About Sex (But Were Afraid to Ask)
1473,Hide and Seek
1474,Monster
1475,The Damned
1476,The Clan of the Cave Bear
1477,Z
1478,The Libertine
1479,Frankenstein
1480,Name of the Rose
1481,Taiyo o Nusunda Otoko
1482,Mishima: A Life in Four Chapters
1483,Devil's Gate
1484,Anthropophagous
1485,Godzilla: Tokyo SOS
1486,Godzilla: Final Wars
1487,L'Homme de Rio
1488,Warlock
1489,Backlash
1490,Les liaisons dangereuses
1491,Hotel Terminus: The Life and Times of Klaus Barbie
1492,Dirty Dancing
1493,Cinderella
1494,SuperBabies: Baby Geniuses 2
1495,Jackie Brown
1496,Shatranj Ke Khiladi
1497,Laurel Canyon
1498,Metroland
1499,Tom Jones
1500,Terminator 3: Rise of the Machines
1501,City of God
1502,Captain Blood
1503,Celebrity
1504,Idiot's Delight
1505,Morning Glory
1506,Morocco
1507,Twins
1508,Leo
1509,Cowboy Bebop: The Movie
1510,Papillon
1511,Who Is Harry Kellerman and Why Is He Saying Those Terrible Things About Me?
1512,The Dead
1513,The Grifters
1514,The Blue Lagoon
1515,Blind Date
1516,The English Patient
1517,The Three Musketeers
1518,Shivers
1519,Kiss the Girls
1520,Chain Reaction
1521,The Civil War
1522,Resident Evil
1523,Road Trip
1524,Mockingbird Don't Sing
1525,Air America
1526,Anacondas: The Hunt for the Blood Orchid
1527,Antwone Fisher
1528,Hidalgo
1529,Yu-Gi-Oh! The Movie: Pyramid of Light
1530,The Hostage
1531,Freedomland
1532,Twisted
1533,L'homme du train
1534,"""From Time to Time""/""De Temps en Temps"""
1535,Piglet's Big Movie
1536,Pooh's Heffalump Movie
1537,Young Adam
1538,Circus
1539,Industrial Symphony No. 1
1540,Hud
1541,Mr. Mike's Mondo Video
1542,The Killer
1543,The Land Girls
1544,U-571
1545,Child's Play
1546,Tom & Viv
1547,Holocaust
1548,Look Who's Talking
1549,Wayne's World
1550,Urban Legend
1551,Flash Gordon
1552,Flash Gordon's Trip to Mars
1553,Alice
1554,Battle Royale
1555,Serendipity
1556,Tennessee's Partner
1557,Smoke Signals
1558,Moulin Rouge
1559,The Sand Pebbles
1560,Carnal Knowledge
1561,Viva Zapata!
1562,Lust for Life
1563,James and the Giant Peach
1564,Nobody's Perfect
1565,The Crucible
1566,Coquette
1567,Ramona
1568,Poor Little Rich Girl
1569,Three Colors: Blue
1570,Clockwise
1571,She's Gotta Have It
1572,Trinity
1573,Orlando
1574,Dead Calm
1575,Candyman
1576,"Truly, Madly, Deeply"
1577,Woodstock
1578,The Magician
1579,Birdy
1580,D.O.A.
1581,Day of the Dead
1582,For Love or Country: The Arturo Sandoval Story
1583,Time After Time
1584,The Pillow Book
1585,The Shaggy Dog
1586,Raw Deal
1587,Mary Shelley's Frankenstein
1588,Miranda
1589,God's Army
1590,Screamers
1591,Ji¶nssonligans sti¶rsta kupp
1592,Zapata: El suei±o de un heroe
1593,Beowulf
1594,Lady Jane
1595,Body Double
1596,Foreign Correspondent
1597,Pitch
1598,The Belles of St Trinian's
1599,Safety Last!
1600,"What's Opera, Doc?"
1601,Knock Knock
1602,Porky's Hare Hunt
1603,It's a Very Merry Muppet Christmas Movie
1604,Team America: World Police
1605,The Yearling
1606,The Tell-Tale Heart
1607,Journey to the Center of the Earth
1608,Secrets & Lies
1609,Selena
1610,"Augustin, King of Kung-Fu"
1611,Police Story
1612,Clean
1613,Gidget
1614,Class
1615,The Best Man
1616,Ghost in the Shell 2: Innocence
1617,Child's Play 3
1618,Vertigo
1619,Harvey
1620,Herbie: Fully Loaded
1621,Jailhouse Rock
1622,The Getaway
1623,Mr. Majestyk
1624,Green Card
1625,Multiplicity
1626,Scum
1627,Frantic
1628,My Left Foot
1629,Baby's Day Out
1630,The River
1631,To Each His Own
1632,Remo Williams: The Adventure Begins
1633,Bridget Jones: The Edge of Reason
1634,Resurrection
1635,Our Town
1636,Quatermass and the Pit
1637,Blood from the Mummy's Tomb
1638,"Reuben, Reuben"
1639,The Hobbit
1640,Total Eclipse
1641,Poison Ivy
1642,The Cheetah Girls
1643,Square Dance
1644,Rebecca
1645,The Rehearsal
1646,"To Sir, with Love"
1647,Alien3
1648,Swimming Pool
1649,A Hard Day's Night
1650,Bells Are Ringing
1651,Johnny Mnemonic
1652,Georgia
1653,Beloved
1654,Gerry
1655,Spirit: Stallion of the Cimarron
1656,San Francisco
1657,Override
1658,La Bamba
1659,Rabbit Test
1660,The Heartbreak Kid
1661,Hawmps!
1662,Teddy Bear
1663,The Cruise
1664,Buster
1665,Creep
1666,Blueprint
1667,Anatomy
1668,Thirteen Days
1669,"Yours, Mine and Ours"
1670,Anne of Green Gables: The Continuing Story
1671,Life Is Sweet
1672,Crossfire
1673,Swingers
1674,Sabotage
1675,The Lodger: A Story of the London Fog
1676,Fanny
1677,The Red Shoes
1678,The Tales of Hoffmann
1679,The Gun in Betty Lou's Handbag
1680,Godfather
1681,Rick
1682,I Want to Live!
1683,Claudine
1684,Bushido Blade
1685,Ice Station Zebra
1686,Merlin's Shop of Mystical Wonders
1687,My Cousin Rachel
1688,Gloria
1689,Ginger Snaps
1690,If...
1691,Sisters
1692,"Cousin, cousine"
1693,Getting Any?
1694,The Fisher King
1695,Kanao
1696,The Morning After
1697,Pandemonium
1698,Bat*21
1699,The Brothers Karamazov
1700,Mambo Italiano
1701,Tortilla Flat
1702,Adam's Rib
1703,The Power and the Glory
1704,Test Pilot
1705,Northwest Passage
1706,In My Father's Den
1707,American Girl
1708,Saboteur
1709,The Witness
1710,Bed & Board
1711,"Sherlock, Jr."
1712,Film
1713,Cops
1714,Steamboat Bill Jr.
1715,The General
1716,Lone Star
1717,Shine
1718,Lara Croft: Tomb Raider
1719,Dumb & Dumberer
1720,Wishmaster
1721,Ace Ventura: Pet Detective
1722,Miracle Mile
1723,Liebestraum
1724,Patch Adams
1725,Blue
1726,Concrete
1727,Carrington V.C.
1728,Battle of the Bulge
1729,"No Retreat, No Surrender"
1730,Snake in the Eagle's Shadow
1731,Snake & Crane Arts of Shaolin
1732,Armour of God II: Operation Condor
1733,Who Am I?
1734,Lovin' Molly
1735,A Tale of Two Cities
1736,Night of the Living Dead
1737,The Hills Have Eyes
1738,Broadcast News
1739,Immortel
1740,Foxfire
1741,White Fang
1742,Colossus: The Forbin Project
1743,"Ghidorah, the Three-Headed Monster"
1744,Pee-wee's Big Adventure
1745,Blue Murder at St Trinian's
1746,Gentleman's Agreement
1747,Accident
1748,The Devil's Holiday
1749,Patterns
1750,Rangeela
1751,Breakin' All the Rules
1752,42nd Street
1753,"Happy Birthday, Wanda June"
1754,The Bells of St. Mary's
1755,Vincent
1756,Dr. T & the Women
1757,National Lampoon's Van Wilder
1758,The Naked Gun 2 1/2: The Smell of Fear
1759,Prince of Darkness
1760,Aimee & Jaguar
1761,Incubus
1762,BMX Bandits
1763,The Pied Piper
1764,Over the Edge
1765,Rock 'n' Roll High School
1766,Night Shift
1767,The Little Rascals
1768,The Farmer's Wife
1769,Missing
1770,Tomcats
1771,Good Morning
1772,The Great Escape II: The Untold Story
1773,The Games
1774,From Time to Time
1775,Camille Claudel
1776,The Cheat
1777,The King of Comedy
1778,Hitler: The Last Ten Days
1779,Yu Yu Hakusho: Poltergeist Report
1780,L'avventura
1781,Cannibal! The Musical
1782,8Â½
1783,Nam's Angels
1784,Silsila
1785,Berkeley Square
1786,The Story of G.I. Joe
1787,King of Hearts
1788,"Smash-Up, the Story of a Woman"
1789,Dunkirk
1790,New York Minute
1791,Under My Skin
1792,Dangerous Curves
1793,The First $20 Million Is Always the Hardest
1794,Lorenzo's Oil
1795,Romance
1796,Bulldog Drummond
1797,Arrowsmith
1798,Condemned
1799,Central do Brasil
1800,Don't Knock the Rock
1801,Dr. Who and the Daleks
1802,Pandaemonium
1803,Batoru rowaiaru II: Chinkonka
1804,Holiday
1805,Somebody Up There Likes Me
1806,Sleeping with the Enemy
1807,Helter Skelter
1808,"Que i Isso, Companheiro?"
1809,The R.M.
1810,Thirteen
1811,Chance
1812,Anywhere But Here
1813,Puss in Boots
1814,Beaches
1815,Seduction: The Cruel Woman
1816,Millennium
1817,King: a Filmed Record...Montgomery To Memphis
1818,Kama Sutra: A Tale of Love
1819,"Distant Voices, Still Lives"
1820,The Big Kahuna
1821,Ran
1822,Inferno
1823,Out of Africa
1824,"Hips, Hips, Hooray!"
1825,Real Life
1826,Trial
1827,"The Line, the Cross and the Curve"
1828,Kwaidan
1829,The Human Condition
1830,Sorcerer
1831,Scott of the Antarctic
1832,Babe: Pig in the City
1833,Casualties of Love: The Long Island Lolita Story
1834,Abraham Lincoln
1835,Disraeli
1836,Kes
1837,Algiers
1838,Jeans
1839,Bombay
1840,The Miracle of Morgan's Creek
1841,It's All About Love
1842,Ilsa: She-Wolf of the SS
1843,Rigoletto
1844,The Testaments: Of One Fold and One Shepherd
1845,Afterglow
1846,Days of Wine and Roses
1847,Walkabout
1848,High Fidelity
1849,Love Me Tender
1850,Bagdad
1851,Justice
1852,Turkish Delight
1853,Mr. Magoo's Christmas Carol
1854,With a Song in My Heart
1855,Cube
1856,Rabbit-Proof Fence
1857,Tron
1858,Class Action
1859,Pi
1860,The Lady Vanishes
1861,Berserker
1862,The Motorcycle Diaries
1863,"Faster, Pussycat! Kill! Kill!"
1864,Ulysses
1865,Pandora's Box
1866,L'ige d'Or
1867,Baywatch: Hawaiian Wedding
1868,Diamond Head
1869,Â¡itame!
1870,Ecstasy
1871,Snow White
1872,After Life
1873,Distance
1874,The Gate
1875,M. Butterfly
1876,Knots Landing: Back to the Cul-de-Sac
1877,Dracula: Dead and Loving It
1878,The Face Behind the Mask
1879,The Price of Milk
1880,Stalingrad
1881,Gray's Anatomy
1882,The Adventures of Robinson Crusoe
1883,Who's That Girl?
1884,Puppet Master
1885,London After Midnight
1886,The Enforcer
1887,Godzilla 2000: Millennium
1888,The Mother
1889,Godzilla vs. the Sea Monster
1890,Black Sabbath
1891,Omagh
1892,The Great St Trinian's Train Robbery
1893,Hullabaloo
1894,Wasabi
1895,Hawks
